GGGG	1.512778212
GAGG	1.507523358
AGGG	1.49020687
AAGG	1.442029482
GTGG	1.421924148
CGGG	1.412841564
AGCG	1.380061589
TAGG	1.372279202
GTGT	1.361655751
GGCG	1.359797472
GTAT	1.355497363
TGGG	1.355102195
GACG	1.34569056
CGCG	1.345455161
GGGC	1.335910848
AGGC	1.32580753
GTGA	1.312411734
GTGC	1.309939324
GTTT	1.300242634
GTAG	1.297614063
AACG	1.297454875
CAGG	1.295443306
GTCG	1.291673042
GGGT	1.289816197
AGGT	1.285253243
ATGG	1.283499429
GTCT	1.281069938
GGGA	1.278623478
TACG	1.273514227
AGGA	1.266012077
TGCG	1.255339473
CGGA	1.243670421
CGGC	1.236444256
GGAG	1.235864232
GTAC	1.233846037
GTAA	1.233815824
GAGC	1.226053563
ATGT	1.223319533
AAGC	1.214497151
GTTG	1.212132398
CGGT	1.211869881
CACG	1.211454491
GGCT	1.209790086
AGAG	1.208355115
ATAT	1.207068393
AGTT	1.20228147
GGAT	1.198685514
GCTT	1.19775447
ATGA	1.195418842
GTTA	1.19381131
ATCG	1.18929401
GGTT	1.188505296
GCGG	1.183001506
ATGC	1.182882375
CGAG	1.182528694
AGCT	1.176675064
AAGT	1.174951621
ATTT	1.17483189
GCCG	1.174669796
AGTG	1.173373714
GGTG	1.172233359
AGAT	1.171203507
CGTT	1.170963192
GAGT	1.170568025
CGAT	1.170418197
GCGA	1.169956361
GTCA	1.166368751
GCGC	1.16587011
ATAG	1.164683246
AAGA	1.164054315
GCGT	1.163913379
TGGC	1.162918245
ATCT	1.162128066
CGTG	1.156709615
CGTA	1.155332748
GAGA	1.15161353
GAAG	1.149574323
GACT	1.149126943
GCTA	1.148941957
GTTC	1.146126736
CGCT	1.145504903
ACGG	1.14329797
GGCA	1.139943142
AAAG	1.138693171
TTGG	1.138528353
GCCT	1.137417586
ACTT	1.135289634
ACGA	1.135219682
GTCC	1.133967026
AACT	1.132763901
GCTG	1.129824667
ACGT	1.128469104
AGTA	1.127835421
GGCC	1.127630485
TAGC	1.125762692
GGTA	1.125119534
ACGC	1.124279939
GGAA	1.12411784
GGAC	1.121302255
CTGG	1.116183962
CAGC	1.114087616
ATAA	1.114029242
TGGT	1.110779796
GATT	1.110691151
AATT	1.110225549
GCAT	1.108305158
ATAC	1.105007049
TGAG	1.104824456
TGGA	1.103653244
ACCG	1.103158832
AGAA	1.100395575
ATTG	1.099414393
GCAG	1.097567404
CGCA	1.097518707
GACC	1.097368665
CGAC	1.096311461
AGAC	1.09498358
CTGT	1.094723285
GCCA	1.093317874
CTGA	1.092235964
CTAT	1.091131089
CGAA	1.090905454
ATTA	1.090529559
ACCT	1.090439078
ACTA	1.090308129
AGCA	1.090290409
GCTC	1.08982983
GCAA	1.088892533
CAGT	1.088735877
GGTC	1.088121292
GATG	1.088101202
AAAT	1.086310519
CAGA	1.085882039
CCGA	1.083835305
AATG	1.08189945
TTGT	1.08149159
CTTT	1.0787984
ACAT	1.078195752
CGTC	1.077523939
CAAG	1.076813392
AGCC	1.075043852
ATCA	1.072311783
ACTG	1.072205418
TAAG	1.071389258
GACA	1.071135239
TGTG	1.069985556
TAGT	1.068964321
AGTC	1.068924595
GAAT	1.068855279
TGTT	1.068771691
TTGA	1.06711127
CTGC	1.066762736
CCGG	1.066117228
TTAT	1.065595176
CACT	1.064446683
GCCC	1.062506357
TTGC	1.059523726
CATT	1.059456006
GCAC	1.058699917
CCTT	1.057913674
GATA	1.05760696
CGCC	1.056130136
TTAG	1.055858712
TAGA	1.055359513
CTCG	1.054546298
CTCT	1.053137749
CTAG	1.052940111
ACAG	1.051045836
TTCG	1.050079601
AACA	1.049974939
AATA	1.049826834
TGTA	1.049439724
CCCG	1.048363089
CATG	1.048329857
CCGC	1.048238117
CCGT	1.046750152
AACC	1.045615121
CCTA	1.045429129
TGCT	1.044605392
ACAA	1.043746184
CTAA	1.042501136
TTTT	1.041257893
ATCC	1.040751993
TGAT	1.039933244
CCCT	1.037956114
GATC	1.037587182
CAAT	1.036942643
TCGG	1.036557231
ACCA	1.03607876
AAAA	1.034619582
TCGA	1.03438131
CTAC	1.034055331
ATTC	1.031675669
GAAA	1.031419478
CTTA	1.030133588
TACT	1.030044028
TATG	1.029161362
CTTG	1.02564532
AAAC	1.025328483
TATT	1.024803522
CATA	1.024584853
GAAC	1.024366087
ACAC	1.024230424
ACTC	1.023819372
CCTG	1.020554426
TTCT	1.020273039
CCAT	1.017640936
CACA	1.015927542
TTAA	1.010732994
TGCA	1.008637608
CCAA	1.008292097
TCCG	1.007701744
TCGC	1.007123851
CCAG	1.006661524
TTAC	1.006057465
ACCC	1.006010716
AATC	1.0051156
CCCA	1.004781515
TAAT	1.004306395
TGAC	1.0030358
TTTG	1.002517154
CAAA	1.000057256
TGAA	0.99976394
CACC	0.998469799
CCTC	0.998330529
TCTT	0.998043343
TCGT	0.997591783
CTCA	0.996849313
TGTC	0.996441478
CAAC	0.990679984
TGCC	0.990378277
TATA	0.990311657
TTTA	0.98930012
TCTA	0.988578379
CCAC	0.987050873
TACC	0.984258166
CTTC	0.983721339
TACA	0.981508202
CTCC	0.981121811
TCCT	0.979736697
TCTG	0.976567307
CATC	0.973721738
CCCC	0.973018127
TCAG	0.969340183
TCAT	0.96878144
TAAC	0.966247259
TAAA	0.96375945
TCAA	0.963490012
TTCA	0.963262559
TATC	0.959788671
TTTC	0.955255112
TCCA	0.95029517
TTCC	0.948428141
TCTC	0.946707948
TCAC	0.946493846
TCCC	0.9368323
